first_name,last_name,email,phone_number,stall_id
Christy,Skurnik,.@yopmail.com,8721877945,1
Florie,Astra,.@yopmail.com,261634303,2
Elvira,Pozzy,.@yopmail.com,4536627845,3
Nananne,Faso,.@yopmail.com,7666783102,4
Christal,Marisa,.@yopmail.com,9209934363,5
Tybie,Laurianne,.@yopmail.com,7170770781,6
Raquela,Hashim,.@yopmail.com,7327761725,7
Pierette,Flita,.@yopmail.com,9316982096,8
Gavrielle,Krystle,.@yopmail.com,164216556,9
Trixi,Michella,.@yopmail.com,5197023171,10
Gerrie,Kenney,.@yopmail.com,2027990959,11
Blondelle,Raychel,.@yopmail.com,7699373841,12
Taffy,Eiser,.@yopmail.com,7262324036,13
Shaylyn,Xerxes,.@yopmail.com,6303676855,14
Andree,Burkle,.@yopmail.com,9071385948,15
Mahalia,Amethist,.@yopmail.com,1920573812,16
Sabina,Pacorro,.@yopmail.com,3944185995,17
Kirstin,Ingra,.@yopmail.com,3725609166,18
Harrietta,Kolnick,.@yopmail.com,2529898779,19
Antonietta,Gavrila,.@yopmail.com,5690063302,20
Elfreda,Michella,.@yopmail.com,5012349724,21
Eolanda,Casimir,.@yopmail.com,3658052607,22
Doro,Hamil,.@yopmail.com,2481927513,23
Madelle,Astra,.@yopmail.com,1589660369,24
Tressa,Sidonius,.@yopmail.com,1017546317,25
Annecorinne,Silvan,.@yopmail.com,1287861561,26
Misha,Demitria,.@yopmail.com,5651052522,27
Helsa,Uird,.@yopmail.com,8583179435,28
Concettina,Lane,.@yopmail.com,8202151960,29
Raf,Merriott,.@yopmail.com,4508008942,30
Inga,Kalinda,.@yopmail.com,4001539900,31
Lizzie,Lilas,.@yopmail.com,2685308674,32
Hettie,Douglass,.@yopmail.com,1886545983,33
Sophia,Juan,.@yopmail.com,4316438005,34
Dacia,Cornelia,.@yopmail.com,4485281397,35
Lilith,Ioab,.@yopmail.com,7859343223,36
Shaylyn,Carmena,.@yopmail.com,5049497008,37
Annice,Elsinore,.@yopmail.com,4042120372,38
Tilly,Madaih,.@yopmail.com,2492527611,39
Mellicent,Cristi,.@yopmail.com,1843662365,40
Vanessa,Clarissa,.@yopmail.com,9292530709,41
Jaime,Delp,.@yopmail.com,8400188414,42
Rivalee,Alva,.@yopmail.com,8999461283,43
Fidelia,Bearnard,.@yopmail.com,3118242870,44
Krystle,Barney,.@yopmail.com,5813527443,45
Max,Tengdin,.@yopmail.com,4814374476,46
Josephine,Jethro,.@yopmail.com,9551814900,47
Rosanne,Eachern,.@yopmail.com,7420693200,48
Ofilia,Adrienne,.@yopmail.com,2815620320,49
Dagmar,Hepsibah,.@yopmail.com,4044872565,50
Lyssa,Munn,.@yopmail.com,4744094808,51
Mallory,Waldron,.@yopmail.com,7414166482,52
Candi,Pandolfi,.@yopmail.com,8014752653,53
Randa,Sinegold,.@yopmail.com,2453930848,54
Lilith,Mendez,.@yopmail.com,1812531332,55
Maridel,Firmin,.@yopmail.com,5276400813,56
Beth,Burkle,.@yopmail.com,7653351153,57
Julieta,Voletta,.@yopmail.com,9576815298,58
Liana,Bronk,.@yopmail.com,5258278821,59
Pearline,Arvo,.@yopmail.com,1953528525,60
Alexine,Robertson,.@yopmail.com,7989528121,61
Katharina,Lalitta,.@yopmail.com,9398793140,62
Florencia,Noelyn,.@yopmail.com,655681093,63
Judy,Nikaniki,.@yopmail.com,5848583269,64
Leia,Moina,.@yopmail.com,5891331862,65
Mady,Neva,.@yopmail.com,397678588,66
Gisela,Amasa,.@yopmail.com,7144419711,67
Zsa Zsa,Neva,.@yopmail.com,6720605935,68
Ada,Meter,.@yopmail.com,5371643806,69
Maud,Darbie,.@yopmail.com,183028314,70
Claresta,Sherfield,.@yopmail.com,8233538752,71
Eve,Burch,.@yopmail.com,5337485424,72
Verla,Juliet,.@yopmail.com,1254649630,73
Yvonne,Elisha,.@yopmail.com,7765664024,74
Elie,Tarrant,.@yopmail.com,1038582519,75
Micheline,Chick,.@yopmail.com,7409307923,76
Shell,My,.@yopmail.com,6998303508,77
Tori,Gabrielli,.@yopmail.com,3689005083,78
Aeriela,Janith,.@yopmail.com,6637073446,79
Aeriela,Kannry,.@yopmail.com,6252110014,80
Kerrin,Cosenza,.@yopmail.com,3096313656,81
Jessamyn,Tomasina,.@yopmail.com,3979502926,82
Lorie,Raffo,.@yopmail.com,1091767059,83
Jemie,Mandler,.@yopmail.com,549766609,84
Susette,Pandolfi,.@yopmail.com,9707591793,85
Tierney,Lasley,.@yopmail.com,8133283787,86
Kaja,Chapland,.@yopmail.com,8036659262,87
Britte,Corabella,.@yopmail.com,7694348231,88
Brandise,Vivle,.@yopmail.com,3522685794,89
Susan,Erminia,.@yopmail.com,7446590256,90
Ekaterina,Trinetta,.@yopmail.com,8847232785,91
Heddie,Weitman,.@yopmail.com,8882119308,92
Verla,Weaks,.@yopmail.com,922992111,93
Ericka,Jorgan,.@yopmail.com,1897755509,94
Emylee,Nadia,.@yopmail.com,6371435576,95
Brynna,Lucienne,.@yopmail.com,3452864108,96
Brana,Elsinore,.@yopmail.com,1488213695,97
Gianina,Roxanna,.@yopmail.com,1102463643,98
Melanie,Mintz,.@yopmail.com,5954603822,99
Bill,Decato,.@yopmail.com,5265919860,100
Kerrin,Guthrie,.@yopmail.com,9790724550,101
Frieda,Rogerio,.@yopmail.com,6260354981,102
Kirbee,Lay,.@yopmail.com,412450997,103
Augustine,Anderea,.@yopmail.com,5390117732,104
Charissa,Gordon,.@yopmail.com,2191860233,105
Elbertina,Gaal,.@yopmail.com,9575643884,106
Wendi,Jacobah,.@yopmail.com,6700609044,107
Clo,Winthorpe,.@yopmail.com,1388552579,108
Janeczka,Bury,.@yopmail.com,2645107823,109
Taffy,Brady,.@yopmail.com,2686374850,110
Babita,Engdahl,.@yopmail.com,9221385104,111
Flo,Durante,.@yopmail.com,3790900535,112
Mureil,Raseda,.@yopmail.com,8009424524,113
Zaria,Marcellus,.@yopmail.com,7903744768,114
Camile,Rodmann,.@yopmail.com,4864137476,115
Oralee,Kellby,.@yopmail.com,3882994684,116
Deedee,Lewes,.@yopmail.com,4600448871,117
Brietta,Fancie,.@yopmail.com,1168426219,118
Yvonne,Weinreb,.@yopmail.com,3330083926,119
Janis,Parette,.@yopmail.com,9650499826,120
Dominga,Leonard,.@yopmail.com,8985948101,121
Marcy,Suk,.@yopmail.com,8336109125,122
Jordan,Dyche,.@yopmail.com,5825573908,123
Suzette,Alabaster,.@yopmail.com,1826964046,124
Louella,Lemuela,.@yopmail.com,390284899,125
Tina,Ioab,.@yopmail.com,5440587722,126
Arlina,Millda,.@yopmail.com,3575091193,127
Cyndie,Neva,.@yopmail.com,8720685254,128
Malina,Bohlin,.@yopmail.com,2773916616,129
Nessie,Seagraves,.@yopmail.com,2141567654,130
Priscilla,Anis,.@yopmail.com,3031039501,131
Marinna,Yuille,.@yopmail.com,4849814275,132
Tomasina,Kenney,.@yopmail.com,6084665397,133
Melisent,August,.@yopmail.com,9654398142,134
Hayley,Daveta,.@yopmail.com,2368993209,135
Barbara,Lissi,.@yopmail.com,184102290,136
Susette,Wandie,.@yopmail.com,6285307294,137
Almeta,Wilona,.@yopmail.com,47772471,138
Tori,Orelee,.@yopmail.com,3310473797,139
Annabela,Persse,.@yopmail.com,5707342738,140
Ketti,Othilia,.@yopmail.com,915894575,141
Allis,Grosz,.@yopmail.com,7918037978,142
Joane,Hoban,.@yopmail.com,1394524645,143
Grier,Drus,.@yopmail.com,7440482250,144
Millie,Rugen,.@yopmail.com,3202346482,145
Bernie,Autrey,.@yopmail.com,3825122298,146
Valera,Goldina,.@yopmail.com,8993702016,147
Bettine,Ranjiv,.@yopmail.com,1670947336,148
Adriana,Fancie,.@yopmail.com,8327243560,149
Feliza,Parsaye,.@yopmail.com,9022715390,150
Rosene,Linskey,.@yopmail.com,905373456,151
Jany,Peonir,.@yopmail.com,8054506848,152
Justinn,Solitta,.@yopmail.com,3696650392,153
Vonny,Sinegold,.@yopmail.com,745866488,154
Wynne,Pitt,.@yopmail.com,6598533380,155
Cecile,Haymes,.@yopmail.com,8704852158,156
Codie,Jammal,.@yopmail.com,914178777,157
Robinia,Adamsen,.@yopmail.com,8668387428,158
Carly,Brittani,.@yopmail.com,9426598349,159
Courtnay,Pip,.@yopmail.com,8539149057,160
Rosene,Ranjiv,.@yopmail.com,7749187910,161
Fernande,Joachim,.@yopmail.com,5820325034,162
Melanie,Kiyoshi,.@yopmail.com,5774194912,163
Florencia,Sidonius,.@yopmail.com,9273960776,164
Blondelle,Corabella,.@yopmail.com,9796211066,165
Brana,Hebner,.@yopmail.com,8931202263,166
Zaria,Syd,.@yopmail.com,3471287226,167
Collen,Fabiola,.@yopmail.com,605324450,168
Brana,Elo,.@yopmail.com,6530233571,169
Carol-Jean,Lanita,.@yopmail.com,1603361170,170
Cathyleen,Scammon,.@yopmail.com,6283498811,171
Flory,Rheingold,.@yopmail.com,8129388675,172
Justinn,Clarissa,.@yopmail.com,2058352175,173
Elbertina,Sallyann,.@yopmail.com,4711418440,174
Ofilia,Pattin,.@yopmail.com,7000813522,175
Brynna,Wooster,.@yopmail.com,8477480447,176
Heddie,Craggie,.@yopmail.com,6737255938,177
Shirlee,Margret,.@yopmail.com,6812833614,178
Allis,Ellerey,.@yopmail.com,6138941989,179
Vivia,Aida,.@yopmail.com,1656086266,180
Marjie,Kare,.@yopmail.com,2817998444,181
Ivett,Euridice,.@yopmail.com,5830000024,182
Jean,Rillings,.@yopmail.com,7762169360,183
Janey,Jenness,.@yopmail.com,3295208415,184
Briney,Arley,.@yopmail.com,5563843405,185
Meghann,Shanley,.@yopmail.com,5499323014,186
Olivette,Sikorski,.@yopmail.com,3453788620,187
Lynde,Newell,.@yopmail.com,6627176156,188
Ingrid,Brandice,.@yopmail.com,5118506764,189
Emylee,Chaing,.@yopmail.com,9506620283,190
Madeleine,Judye,.@yopmail.com,390053203,191
Clementine,Atcliffe,.@yopmail.com,66977955,192
Tonia,Daegal,.@yopmail.com,7744521733,193
Janis,Ellord,.@yopmail.com,8049103789,194
Robinia,Lilas,.@yopmail.com,225989069,195
Emma,Gahl,.@yopmail.com,276539668,196
Jessy,Ardeha,.@yopmail.com,3705373327,197
Edyth,Seumas,.@yopmail.com,2985495334,198
Paulita,Nadia,.@yopmail.com,7035631410,199
Damaris,Garek,.@yopmail.com,8656720716,200
Danny,Jacinda,.@yopmail.com,1188154059,201
Sashenka,Ferrell,.@yopmail.com,4783105235,202
Delilah,Land,.@yopmail.com,6225839748,203
Jinny,Cadmar,.@yopmail.com,7591706107,204
Audrie,Tiffa,.@yopmail.com,3524964856,205
Wanda,Duwalt,.@yopmail.com,4394501891,206
Hermione,Toni,.@yopmail.com,1099872888,207
Brianna,Love,.@yopmail.com,9899035117,208
Elka,Pernick,.@yopmail.com,1713059667,209
Minda,Aloise,.@yopmail.com,6913935684,210
Gratia,Hepsibah,.@yopmail.com,7800977939,211
Winifred,Lanita,.@yopmail.com,1859438625,212
Theodora,Bibi,.@yopmail.com,2206234326,213
Teriann,Craggie,.@yopmail.com,207624925,214
Leontine,Ardra,.@yopmail.com,3542382217,215
Mathilda,Silvan,.@yopmail.com,8699943619,216
Vere,Braun,.@yopmail.com,4044494029,217
Georgina,Whittaker,.@yopmail.com,7237111828,218
Alie,Fleeta,.@yopmail.com,4541815381,219
Kaja,Hailee,.@yopmail.com,1775025315,220
Petronia,Joli,.@yopmail.com,7188488050,221
Karena,Eldrid,.@yopmail.com,1426697303,222
Kathy,Vorster,.@yopmail.com,2312643915,223
Josephine,Mich,.@yopmail.com,4242193694,224
Renie,Odysseus,.@yopmail.com,4169477466,225
Allis,Phi,.@yopmail.com,4189749151,226
Tressa,Wandie,.@yopmail.com,3190510611,227
Jillayne,Baptlsta,.@yopmail.com,157321358,228
Robbi,Azeria,.@yopmail.com,3694622332,229
Bobinette,Moina,.@yopmail.com,383335262,230
Kristan,Sigfrid,.@yopmail.com,2263483510,231
Hannis,Zitvaa,.@yopmail.com,4144779642,232
Ethel,Boycey,.@yopmail.com,8084233959,233
Annabela,Zaslow,.@yopmail.com,3399052078,234
Sidoney,Pearse,.@yopmail.com,4348861053,235
Carly,Maurine,.@yopmail.com,6412977757,236
Sharai,Janene,.@yopmail.com,216047700,237
Caressa,Thar,.@yopmail.com,7445447391,238
Myriam,Lail,.@yopmail.com,3399189849,239
Yolane,Yuille,.@yopmail.com,35421917,240
Elie,Rooney,.@yopmail.com,2642676347,241
Heida,Luhe,.@yopmail.com,3766368155,242
Merry,Lipson,.@yopmail.com,192967351,243
Candi,Garbe,.@yopmail.com,5845425302,244
Edee,Lunsford,.@yopmail.com,4786316125,245
Clarice,Kylander,.@yopmail.com,4630593239,246
Sybille,Randene,.@yopmail.com,4887865924,247
Amara,Sophronia,.@yopmail.com,7747224435,248
Merle,Elephus,.@yopmail.com,3958410233,249
Desirae,Tjon,.@yopmail.com,3957586708,250
Averyl,Giule,.@yopmail.com,8542609637,251
Raquela,Yerkovich,.@yopmail.com,5233601701,252
Gertrud,Hutchison,.@yopmail.com,6068098677,253
Andree,Maples,.@yopmail.com,9646787217,254
Ardeen,Gordon,.@yopmail.com,9850437940,255
Jaclyn,Leler,.@yopmail.com,5337593413,256
Ekaterina,Abram,.@yopmail.com,8248727010,257
Melodie,Halla,.@yopmail.com,8987036277,258
Oralee,Chobot,.@yopmail.com,7378371943,259
Jennica,Glenden,.@yopmail.com,1078522986,260
Corene,Joeann,.@yopmail.com,5546298981,261
Jennica,Gemini,.@yopmail.com,2226329698,262
Adriana,Corilla,.@yopmail.com,3740422621,263
Merle,Toor,.@yopmail.com,4409936822,264
Chrystel,Dorine,.@yopmail.com,8604635547,265
Sara-Ann,Quinn,.@yopmail.com,5744176776,266
Esmeralda,Bronk,.@yopmail.com,1765534926,267
Chastity,Hoenack,.@yopmail.com,5615721008,268
Sophia,Gilmour,.@yopmail.com,4541853954,269
Lynea,Kenney,.@yopmail.com,6287287360,270
Priscilla,Meli,.@yopmail.com,5203940346,271
Wynne,Peg,.@yopmail.com,1143344801,272
Mallory,Kelula,.@yopmail.com,2902642297,273
Sean,Lissi,.@yopmail.com,6147722573,274
Katleen,Westphal,.@yopmail.com,7483035976,275
Talya,Kolnick,.@yopmail.com,2026141072,276
Jacenta,Shelba,.@yopmail.com,344670160,277
Melina,Ariella,.@yopmail.com,6338595454,278
Joeann,Behre,.@yopmail.com,9509751138,279
Dolli,Schalles,.@yopmail.com,1728112849,280
Ellette,Bultman,.@yopmail.com,7889204981,281
Sindee,Alexandr,.@yopmail.com,6976453965,282
Kore,Montgomery,.@yopmail.com,9610576035,283
Kylynn,Campball,.@yopmail.com,7749161560,284
Lorne,Artie,.@yopmail.com,6644629176,285
Mariele,Lemuela,.@yopmail.com,5769697295,286
Rhoda,Giff,.@yopmail.com,9345028063,287
Collen,Warthman,.@yopmail.com,5182356363,288
Ilse,Berriman,.@yopmail.com,6033186944,289
Ethel,Nunci,.@yopmail.com,2569846632,290
Elvira,Publia,.@yopmail.com,690345052,291
Chere,Anderea,.@yopmail.com,124962812,292
Dulcinea,Alrich,.@yopmail.com,9130475320,293
Annora,Minetta,.@yopmail.com,8872724828,294
Lexine,Lorain,.@yopmail.com,7540020096,295
Maryellen,Yerkovich,.@yopmail.com,9449364915,296
Valera,Arathorn,.@yopmail.com,35208255,297
Wendi,Francyne,.@yopmail.com,3221696604,298
Petronia,Dorcy,.@yopmail.com,6595353312,299
Clary,Bates,.@yopmail.com,4849269250,300
Deedee,Markman,.@yopmail.com,1183862221,301
Paola,Goldina,.@yopmail.com,6623155964,302
Binny,Adamsen,.@yopmail.com,3648173368,303
Betta,Levey,.@yopmail.com,4358580721,304
Dorene,Baudin,.@yopmail.com,6496358919,305
Olivette,Florina,.@yopmail.com,7140454686,306
Aimil,Melan,.@yopmail.com,2390913005,307
Addia,O'Neill,.@yopmail.com,2839641118,308
Gwyneth,Sundin,.@yopmail.com,6407376703,309
Lynde,Newell,.@yopmail.com,3923776309,310
Ofilia,Bakerman,.@yopmail.com,5958911654,311
Sidoney,Socha,.@yopmail.com,4003532006,312
Ronna,Tippets,.@yopmail.com,8300303832,313
Hildegaard,Schenck,.@yopmail.com,5393548018,314
Tarra,Urania,.@yopmail.com,5886383277,315
Caryl,Merell,.@yopmail.com,4437469129,316
Roberta,Baylor,.@yopmail.com,6965917422,317
Zsa Zsa,Poll,.@yopmail.com,2314877070,318
Berget,Zenas,.@yopmail.com,8206846473,319
Harmonia,Brodench,.@yopmail.com,249687239,320
Annaliese,Orlene,.@yopmail.com,6049413532,321
Zsa Zsa,Brieta,.@yopmail.com,511743272,322
Darlleen,Nea,.@yopmail.com,2619498464,323
Elfreda,Chabot,.@yopmail.com,7423599529,324
Averyl,Dreda,.@yopmail.com,5249563838,325
Annice,Frendel,.@yopmail.com,1573662857,326
Zsa Zsa,Holbrook,.@yopmail.com,4269407222,327
Veda,Kazimir,.@yopmail.com,6650747391,328
Katuscha,Persse,.@yopmail.com,1145438247,329
Shell,Schenck,.@yopmail.com,4610809187,330
Sam,Arquit,.@yopmail.com,9450909162,331
Aigneis,Miru,.@yopmail.com,4729095101,332
Regina,Hewitt,.@yopmail.com,1523389545,333
Zondra,Greyson,.@yopmail.com,5253744387,334
Leontine,Palocz,.@yopmail.com,9210316151,335
Aryn,Stoller,.@yopmail.com,7123780168,336
Mureil,Fabiola,.@yopmail.com,1576266867,337
Kerrin,Colyer,.@yopmail.com,7205225430,338
Doralynne,Vharat,.@yopmail.com,7911053431,339
Carmela,Curren,.@yopmail.com,3088824663,340
Bibby,Kravits,.@yopmail.com,9623528062,341
Roxane,Koehler,.@yopmail.com,551650643,342
Asia,Bluh,.@yopmail.com,8638688792,343
Di,Dalli,.@yopmail.com,6224688348,344
Asia,Palocz,.@yopmail.com,8312135830,345
Alameda,Hebner,.@yopmail.com,2638823380,346
Doralynne,Erskine,.@yopmail.com,3991678247,347
Glynnis,Dosia,.@yopmail.com,7920663004,348
Ethel,Pierette,.@yopmail.com,104049553,349
Layla,Pernick,.@yopmail.com,5133126574,350
Larine,Dyche,.@yopmail.com,8879893135,351
Lanna,Brackely,.@yopmail.com,3435425589,352
Mignon,Seumas,.@yopmail.com,7877519877,353
Addia,Boycey,.@yopmail.com,2002420741,354
Cyndie,Tayib,.@yopmail.com,6124296435,355
Lorne,Ammann,.@yopmail.com,7843383879,356
Bertine,Teryn,.@yopmail.com,5963066726,357
Mahalia,Anastatius,.@yopmail.com,2636728268,358
Rivalee,Tamsky,.@yopmail.com,4847575616,359
Ronna,Vary,.@yopmail.com,9031315164,360
Sharai,Bertold,.@yopmail.com,9097519271,361
Vinita,Prober,.@yopmail.com,3431532513,362
Donnie,Weide,.@yopmail.com,5743555567,363
Keelia,Joli,.@yopmail.com,9207290562,364
Bettine,Maribeth,.@yopmail.com,9632606177,365
Emilia,Wesle,.@yopmail.com,8253178504,366
Natka,Chrystel,.@yopmail.com,2446770087,367
Hettie,Blase,.@yopmail.com,9566001392,368
Agnese,Bibi,.@yopmail.com,454182387,369
Flory,Wandie,.@yopmail.com,9623333269,370
Iseabal,Cleo,.@yopmail.com,3826651564,371
Kary,Breed,.@yopmail.com,144537789,372
Anallese,Isidore,.@yopmail.com,8650125739,373
Riannon,Seagraves,.@yopmail.com,7198390626,374
Cissiee,Bollay,.@yopmail.com,943204040,375
Lorenza,Esmaria,.@yopmail.com,4734764520,376
Sabina,Sekofski,.@yopmail.com,8280576957,377
Agnese,Kat,.@yopmail.com,9455625659,378
Barbara,Regan,.@yopmail.com,486855518,379
Wanda,Behre,.@yopmail.com,3067294913,380
Kayla,Haerr,.@yopmail.com,2309446272,381
Nananne,Gahl,.@yopmail.com,498736544,382
Winny,Thomasina,.@yopmail.com,1007185246,383
Lyssa,Graig,.@yopmail.com,5993550901,384
Max,Seessel,.@yopmail.com,6861941178,385
Olivette,Auberbach,.@yopmail.com,4731732627,386
Ofilia,Ralfston,.@yopmail.com,3996375368,387
Carolina,Eachern,.@yopmail.com,7357352271,388
Wanda,Linehan,.@yopmail.com,2292427400,389
Neila,Hanleigh,.@yopmail.com,4013770544,390
Dawn,Faso,.@yopmail.com,5075379980,391
Karly,Hortensia,.@yopmail.com,555718253,392
Hyacinthe,Glovsky,.@yopmail.com,397198415,393
Mellicent,Lorain,.@yopmail.com,7671842202,394
Libbie,Shirberg,.@yopmail.com,6911538594,395
Celestyna,Emmaline,.@yopmail.com,3546371750,396
Caritta,Rheingold,.@yopmail.com,1636590734,397
Brana,Raimondo,.@yopmail.com,6633888620,398
Ann-Marie,Millda,.@yopmail.com,920682072,399
Kary,Dulciana,.@yopmail.com,7170127224,400
Lynea,Bord,.@yopmail.com,660911443,401
Ardeen,Nea,.@yopmail.com,1648246024,402
Mariele,Hanleigh,.@yopmail.com,3234376070,403
Sarette,Brieta,.@yopmail.com,1663305494,404
Brandise,Calhoun,.@yopmail.com,1615058745,405
Kelly,Aida,.@yopmail.com,3478056263,406
Yolane,Freddi,.@yopmail.com,4815175442,407
Lynde,Vilma,.@yopmail.com,3767860601,408
Gui,Marden,.@yopmail.com,8530525235,409
Annaliese,Elephus,.@yopmail.com,2686796597,410
Anica,Winthorpe,.@yopmail.com,5480486737,411
Lindie,Cleo,.@yopmail.com,7145310992,412
Joelly,Morehouse,.@yopmail.com,6004499912,413
Fawne,Daveta,.@yopmail.com,6804654954,414
Krystle,Arquit,.@yopmail.com,3644816342,415
Hannis,Joni,.@yopmail.com,1278400321,416
Dawn,Craggie,.@yopmail.com,5113614911,417
Demetris,Bultman,.@yopmail.com,7185735973,418
Max,Clie,.@yopmail.com,2128791580,419
Aimil,Neils,.@yopmail.com,9647308724,420
Melisent,Durware,.@yopmail.com,8817464743,421
Stephanie,Longfellow,.@yopmail.com,3635285647,422
Henriette,Peonir,.@yopmail.com,3972132382,423
Doro,Maroney,.@yopmail.com,546224768,424
Cathyleen,Radu,.@yopmail.com,2113972221,425
Brynna,Sundin,.@yopmail.com,9859586178,426
Feliza,Belldas,.@yopmail.com,5033146148,427
Alia,Pitt,.@yopmail.com,5596840837,428
Keelia,Giule,.@yopmail.com,2306574984,429
Gabi,Medrek,.@yopmail.com,9801112734,430
Susan,Delp,.@yopmail.com,5757304851,431
Gale,Elbertina,.@yopmail.com,3116814090,432
Kenna,Belanger,.@yopmail.com,2708223824,433
Corry,Tomasina,.@yopmail.com,8678368247,434
Helena,Kravits,.@yopmail.com,7694922237,435
Alyda,Birdella,.@yopmail.com,8602205704,436
Netty,Shaddock,.@yopmail.com,1566693641,437
Bobinette,Arley,.@yopmail.com,9287901659,438
Estell,Land,.@yopmail.com,8616135660,439
Ruthe,Korey,.@yopmail.com,376708265,440
Adelle,Cottle,.@yopmail.com,153355680,441
Minda,Faust,.@yopmail.com,1574697154,442
Augustine,Greyson,.@yopmail.com,4498894271,443
Anthia,Isacco,.@yopmail.com,5152898508,444
Jessamyn,Gale,.@yopmail.com,807996224,445
Aubrie,Huggins,.@yopmail.com,8085368212,446
Cristabel,Rurik,.@yopmail.com,6861621877,447
Arlena,Wenda,.@yopmail.com,2012065542,448
Dolli,Terrence,.@yopmail.com,9102801895,449
Betta,Vharat,.@yopmail.com,6341614584,450
Deloria,Jobi,.@yopmail.com,1897709406,451
Yetty,Lamoree,.@yopmail.com,5913381569,452
Ebonee,Dawkins,.@yopmail.com,435318810,453
Carilyn,Wildermuth,.@yopmail.com,5871296584,454
Deirdre,Kenney,.@yopmail.com,6475870214,455
Agathe,Orelee,.@yopmail.com,7593348730,456
Janeczka,Bryna,.@yopmail.com,6588484144,457
Corly,Himelman,.@yopmail.com,7835763687,458
Marinna,Nea,.@yopmail.com,2888294630,459
Paulita,Daniele,.@yopmail.com,2691964258,460
Lusa,Lauraine,.@yopmail.com,3084059163,461
Hettie,Astra,.@yopmail.com,7558167743,462
Tori,Krystle,.@yopmail.com,2941296675,463
Loree,Brotherson,.@yopmail.com,3852177373,464
Daryl,Plato,.@yopmail.com,2373616398,465
Cacilie,Bertold,.@yopmail.com,7731874772,466
Rani,Revkah,.@yopmail.com,6922176537,467
Agnese,Urania,.@yopmail.com,5625864327,468
Bettine,Raimondo,.@yopmail.com,6244958819,469
Sabina,Kosey,.@yopmail.com,672965405,470
Amii,Candy,.@yopmail.com,9838908843,471
Jacquetta,Nea,.@yopmail.com,8738440891,472
Josephine,Lacombe,.@yopmail.com,3947610170,473
Orelia,Graig,.@yopmail.com,7611583671,474
Sue,Henrie,.@yopmail.com,5866777428,475
Arabel,Firmin,.@yopmail.com,1624623239,476
Arlena,Friede,.@yopmail.com,1730870597,477
Netty,Papageno,.@yopmail.com,5145288726,478
Claudina,Lasley,.@yopmail.com,9767755991,479
Goldie,Leifeste,.@yopmail.com,8183055150,480
Elfreda,Emanuel,.@yopmail.com,5239868387,481
Etta,Barrus,.@yopmail.com,4690116790,482
Eugine,Dudley,.@yopmail.com,4762021722,483
Lulita,Alfons,.@yopmail.com,5380797317,484
Queenie,Aaberg,.@yopmail.com,7657013326,485
Dolli,Pond,.@yopmail.com,1507850283,486
Annaliese,Masao,.@yopmail.com,4532911799,487
Heddie,Parsaye,.@yopmail.com,112124331,488
Zsa Zsa,Weinreb,.@yopmail.com,9119766597,489
Karolina,Olympium,.@yopmail.com,3896480941,490
Winny,Vacuva,.@yopmail.com,7952217588,491
Philis,Freddi,.@yopmail.com,6087912199,492
Lynde,McLaughlin,.@yopmail.com,830213029,493
Etta,Crudden,.@yopmail.com,3014864583,494
Brana,Iaverne,.@yopmail.com,795275043,495
Damaris,Scammon,.@yopmail.com,8065043741,496
Sashenka,Eno,.@yopmail.com,4786556065,497
Genevra,Raul,.@yopmail.com,9646888619,498
Abbie,Susannah,.@yopmail.com,4634246849,499
Margalo,Hessler,.@yopmail.com,8561613610,500
Dominga,Greenwald,.@yopmail.com,8705658363,501
Sara-Ann,Rocray,.@yopmail.com,6440885161,502
Kirbee,Quent,.@yopmail.com,503239787,503
Demetris,Seumas,.@yopmail.com,3811741967,504
Sheree,Glenden,.@yopmail.com,1133546062,505
June,Emmy,.@yopmail.com,2572014745,506
Marylou,Ophelia,.@yopmail.com,702917032,507
Shannah,Ephrem,.@yopmail.com,2917352647,508
Jsandye,Neils,.@yopmail.com,5794172009,509
Annecorinne,Kiyoshi,.@yopmail.com,8951445705,510
Liana,Pozzy,.@yopmail.com,8964065785,511
Jemie,Truc,.@yopmail.com,4531073048,512
Gratia,Grimbly,.@yopmail.com,8199695338,513
Melisent,Redmond,.@yopmail.com,7223685622,514
Nyssa,Stoller,.@yopmail.com,1305549318,515
Aimil,Ummersen,.@yopmail.com,8246472440,516
Kayla,Sparhawk,.@yopmail.com,4408344693,517
Lita,Fax,.@yopmail.com,3475568084,518
Valeda,Emmy,.@yopmail.com,3558300645,519
Max,Lunsford,.@yopmail.com,5622344099,520
Meghann,Yate,.@yopmail.com,4226535989,521
Alia,Percy,.@yopmail.com,7088152259,522
Lonnie,Klotz,.@yopmail.com,8765967227,523
Lenna,Marijo,.@yopmail.com,1123373376,524
Chandra,Meli,.@yopmail.com,5034307779,525
Clarice,Tremayne,.@yopmail.com,7796357866,526
Maisey,Justinn,.@yopmail.com,6821226660,527
Dorene,Donoghue,.@yopmail.com,3974589972,528
Magdalena,Randene,.@yopmail.com,328567434,529
Kate,Fennessy,.@yopmail.com,1398652671,530
Blinni,Pyle,.@yopmail.com,1628744888,531
Joy,Chesna,.@yopmail.com,2176299827,532
Mariele,Nahum,.@yopmail.com,5885957224,533
Giustina,Reidar,.@yopmail.com,4984159434,534
Sybille,Brian,.@yopmail.com,18286746,535
Konstance,Rustice,.@yopmail.com,9606831119,536
Annice,Nedrud,.@yopmail.com,2681275604,537
Elsie,Magnolia,.@yopmail.com,2293886839,538
Trudie,Garek,.@yopmail.com,728644665,539
Fanny,Kristi,.@yopmail.com,6460540886,540
Brana,Hutchison,.@yopmail.com,5026469877,541
Brena,Cecile,.@yopmail.com,8171327208,542
Mallory,Corilla,.@yopmail.com,9228906108,543
Paola,Rosalba,.@yopmail.com,3498459907,544
Hallie,McLaughlin,.@yopmail.com,7782317120,545
Mallory,Hylan,.@yopmail.com,6465477438,546
Elbertina,Carlson,.@yopmail.com,9140029946,547
Jaime,August,.@yopmail.com,863814500,548
Ermengarde,Capello,.@yopmail.com,1897952773,549
Linzy,Hedve,.@yopmail.com,186912768,550
Eadie,Sherrie,.@yopmail.com,4299695459,551
Imojean,Bethany,.@yopmail.com,2156421725,552
Rani,Mitzi,.@yopmail.com,8252868437,553
Maurene,Simmonds,.@yopmail.com,6009963234,554
Zsa Zsa,Maples,.@yopmail.com,9779703417,555
Florencia,Poll,.@yopmail.com,6279612329,556
Kathy,Schonfeld,.@yopmail.com,2868307932,557
Kellen,Stelle,.@yopmail.com,3516895209,558
Brynna,Adamsen,.@yopmail.com,7286215136,559
Marsiella,Bennie,.@yopmail.com,1037136737,560
Gusella,Cosenza,.@yopmail.com,9199911583,561
Kayla,Sallyann,.@yopmail.com,6578145674,562
Harrietta,Elisha,.@yopmail.com,794012206,563
Desirae,Sibyls,.@yopmail.com,601363884,564
Cathie,Harriman,.@yopmail.com,9521607690,565
Frank,Felecia,.@yopmail.com,2365410944,566
Winifred,Libna,.@yopmail.com,1654270287,567
Paola,Scammon,.@yopmail.com,5173980990,568
Elena,Presber,.@yopmail.com,7495187685,569
Daryl,Tamar,.@yopmail.com,8284878272,570
Angelique,Tamar,.@yopmail.com,706129428,571
Raf,Toffic,.@yopmail.com,3949659951,572
Alie,Edmund,.@yopmail.com,7940705693,573
Eve,Rustice,.@yopmail.com,5426289823,574
Babita,Aaberg,.@yopmail.com,5946007297,575
Sibella,Kauppi,.@yopmail.com,5145739759,576
Lily,Jaylene,.@yopmail.com,2402685624,577
Basia,Screens,.@yopmail.com,3024104714,578
Zsa Zsa,Pillsbury,.@yopmail.com,2563951062,579
Xylina,Fry,.@yopmail.com,1039557361,580
Kial,Fry,.@yopmail.com,1201971012,581
Raina,Sothena,.@yopmail.com,2216996864,582
Mahalia,Muriel,.@yopmail.com,1085837597,583
Elfreda,Destinee,.@yopmail.com,6867838606,584
Nonnah,Dorine,.@yopmail.com,2086071294,585
Dulcinea,Grobe,.@yopmail.com,5135839825,586
Celisse,Schroth,.@yopmail.com,8231389566,587
Mady,Serilda,.@yopmail.com,4923823560,588
Meriel,Toffic,.@yopmail.com,8275451043,589
Helsa,Tarrant,.@yopmail.com,4061175215,590
Shaine,Imelida,.@yopmail.com,5095967873,591
Tarra,Cyrie,.@yopmail.com,3317169539,592
Theodora,Shields,.@yopmail.com,4812829771,593
Josephine,Mandler,.@yopmail.com,534106913,594
Babita,Schalles,.@yopmail.com,7367206361,595
Shel,Artie,.@yopmail.com,9682306841,596
Lucille,Redmond,.@yopmail.com,4335360805,597
Tami,Corabella,.@yopmail.com,8478294760,598
Molli,Morgun,.@yopmail.com,4976406136,599
Arabel,Bultman,.@yopmail.com,2110903936,600
Jordan,Ranjiv,.@yopmail.com,7144005624,601
Demetris,Irmine,.@yopmail.com,2105554135,602
Kathy,Poppy,.@yopmail.com,2243579221,603
Jemie,Kaete,.@yopmail.com,2762355838,604
Tina,Lilybelle,.@yopmail.com,6248653113,605
Korrie,Tryck,.@yopmail.com,6445813797,606
Rosaline,Llovera,.@yopmail.com,202030127,607
Cherrita,Bluh,.@yopmail.com,5315543062,608
Leanna,Jenness,.@yopmail.com,796571698,609
Rosaline,Lipson,.@yopmail.com,239207426,610
Sandie,Publia,.@yopmail.com,3870978434,611
Rivalee,Fink,.@yopmail.com,848177189,612
Lanae,Damarra,.@yopmail.com,4151256306,613
Cacilie,Lowry,.@yopmail.com,4288146068,614
Briney,Alwin,.@yopmail.com,3604595279,615
Nadine,Westphal,.@yopmail.com,8442212436,616
Nita,Schlosser,.@yopmail.com,8730215844,617
Ernesta,Iphlgenia,.@yopmail.com,1517663753,618
Asia,Francyne,.@yopmail.com,5897729869,619
Lucy,Hylan,.@yopmail.com,1252485497,620
Moyna,Schwejda,.@yopmail.com,2968555312,621
Tori,Maroney,.@yopmail.com,6783176710,622
Kellen,Diann,.@yopmail.com,8343284392,623
Sonni,Justinn,.@yopmail.com,2107301614,624
Cathyleen,Truc,.@yopmail.com,9115163023,625
Monika,Tarrant,.@yopmail.com,4666734473,626
Belva,Hourigan,.@yopmail.com,4083509310,627
Thalia,Carleen,.@yopmail.com,2438278997,628
Darci,Leffen,.@yopmail.com,689541762,629
Jackie,Corrine,.@yopmail.com,8926830803,630
Tina,Rheingold,.@yopmail.com,8216452465,631
Valli,Hermes,.@yopmail.com,9044484441,632
Marylou,Daegal,.@yopmail.com,8887856187,633
Georgina,Astra,.@yopmail.com,854640976,634
Sibella,Montgomery,.@yopmail.com,5415618253,635
Hildegaard,Jaylene,.@yopmail.com,7962685738,636
Nessie,Esmaria,.@yopmail.com,6635086326,637
Deloria,Bonilla,.@yopmail.com,7710736053,638
Nicoli,Kunin,.@yopmail.com,4050560980,639
Dulce,Robertson,.@yopmail.com,6543878124,640
Delilah,Pauly,.@yopmail.com,6433188764,641
Randa,Yerkovich,.@yopmail.com,4701873475,642
Melanie,Zrike,.@yopmail.com,4316200560,643
Stephanie,Suzetta,.@yopmail.com,6958844866,644
Joelly,Gladstone,.@yopmail.com,8296795298,645
Kellen,Ummersen,.@yopmail.com,9445077225,646
Mureil,Hourigan,.@yopmail.com,2536556103,647
Alia,Ade,.@yopmail.com,6823633412,648
Kerrin,Reneta,.@yopmail.com,6299269088,649
Rivalee,Kauppi,.@yopmail.com,938948940,650
Estell,Bergman,.@yopmail.com,4667766032,651
Dorene,Kazimir,.@yopmail.com,878240726,652
Kirbee,Vacuva,.@yopmail.com,6058324915,653
Rozele,Ries,.@yopmail.com,788347081,654
Gale,Berl,.@yopmail.com,3768327856,655
Cyndie,Nickola,.@yopmail.com,9135077863,656
Regina,Heisel,.@yopmail.com,6385347308,657
Yetty,Goddard,.@yopmail.com,1730304276,658
Alexine,Natalia,.@yopmail.com,9035684752,659
Berta,Wyn,.@yopmail.com,2496255228,660
Damaris,Eiser,.@yopmail.com,9118479828,661
Aaren,Llovera,.@yopmail.com,1343555368,662
Tonia,Chobot,.@yopmail.com,9442232473,663
Morganica,Shanley,.@yopmail.com,8492801253,664
Hannis,Elvyn,.@yopmail.com,6468494186,665
Darlleen,Ball,.@yopmail.com,3337115209,666
Sheree,Heidt,.@yopmail.com,4977376800,667
Phedra,Hepsibah,.@yopmail.com,6370391902,668
Dotty,Berne,.@yopmail.com,1958877622,669
Jacenta,Dex,.@yopmail.com,6514600928,670
Ingrid,Grimbly,.@yopmail.com,9208006801,671
Orelia,Destinee,.@yopmail.com,1644614866,672
Yetty,Lymann,.@yopmail.com,944748075,673
Magdalena,Gladstone,.@yopmail.com,6257978738,674
Patricia,Weaks,.@yopmail.com,6884147213,675
Ofilia,Alexandr,.@yopmail.com,1275143791,676
Dorene,Tacye,.@yopmail.com,9032781485,677
Betta,Mallon,.@yopmail.com,270700689,678
Carilyn,Gladstone,.@yopmail.com,3401628994,679
Chastity,Cullin,.@yopmail.com,1811767284,680
Basia,Loring,.@yopmail.com,8692798627,681
Tersina,Aaberg,.@yopmail.com,2289992111,682
Cassandra,Zetta,.@yopmail.com,9275970417,683
Gratia,Winthorpe,.@yopmail.com,3623832704,684
Claresta,Cyrie,.@yopmail.com,5170361260,685
Cyndie,Hanshaw,.@yopmail.com,7983280912,686
Lorenza,Fosque,.@yopmail.com,1030195123,687
Bobinette,Belanger,.@yopmail.com,6781996334,688
Keelia,Earlie,.@yopmail.com,380837068,689
Emilia,Faria,.@yopmail.com,2648935452,690
Cathyleen,Louanna,.@yopmail.com,8040825388,691
Claudina,Gwenore,.@yopmail.com,8287055780,692
Corry,Norrie,.@yopmail.com,1272084509,693
Tobe,Bakerman,.@yopmail.com,1378399230,694
Deirdre,Fancie,.@yopmail.com,671931156,695
Johna,Liebermann,.@yopmail.com,4208913760,696
Hollie,Eugenia,.@yopmail.com,1678790994,697
Anthia,Cressida,.@yopmail.com,7320477092,698
Elbertina,Cassius,.@yopmail.com,1442858009,699
Ekaterina,Denis,.@yopmail.com,6070505512,700
Maud,Sothena,.@yopmail.com,7551348570,701
Angela,Quent,.@yopmail.com,8495511400,702
Sheelagh,Kimmie,.@yopmail.com,5285196104,703
Josephine,Argus,.@yopmail.com,7354130780,704
Margette,Old,.@yopmail.com,977618069,705
Tani,Voletta,.@yopmail.com,7926023330,706
Kirstin,Dalli,.@yopmail.com,5744042986,707
Lusa,Pyle,.@yopmail.com,6556901021,708
Karolina,Gusella,.@yopmail.com,7256476501,709
Darlleen,Shaver,.@yopmail.com,4831676889,710
Daphne,Yate,.@yopmail.com,2770358984,711
Caryl,Himelman,.@yopmail.com,9785947929,712
Ileana,Skell,.@yopmail.com,5707178786,713
Taffy,Plato,.@yopmail.com,9688233251,714
Betta,Elvyn,.@yopmail.com,3705767338,715
Kristina,Millda,.@yopmail.com,5786930284,716
Flo,Burnside,.@yopmail.com,1508517723,717
Danny,Cressida,.@yopmail.com,9630816378,718
Kellen,Vernier,.@yopmail.com,5481973139,719
Correy,Gordon,.@yopmail.com,3474775814,720
Theodora,Giff,.@yopmail.com,9052253493,721
Nollie,Tatianas,.@yopmail.com,9761394330,722
Oralee,Gillan,.@yopmail.com,1009523782,723
Rayna,Cookie,.@yopmail.com,383379359,724
Rhea,Sophronia,.@yopmail.com,7771650314,725
Dacia,Raffo,.@yopmail.com,4066051392,726
Gwenneth,Oscar,.@yopmail.com,7989469182,727
Ariela,Magdalen,.@yopmail.com,8365088229,728
Modestia,Pip,.@yopmail.com,1173687070,729
Jenilee,Mathilde,.@yopmail.com,439111234,730
Isa,Si,.@yopmail.com,1987190546,731
Madelle,Gaynor,.@yopmail.com,5704980348,732
Katleen,Krystle,.@yopmail.com,5981450720,733
Trixi,Meli,.@yopmail.com,7010763789,734
Raf,Campball,.@yopmail.com,1239215318,735
Gloria,Jotham,.@yopmail.com,3153294565,736
Danika,Ammann,.@yopmail.com,8405085422,737
Nikki,Elo,.@yopmail.com,5044190584,738
Linet,Emerson,.@yopmail.com,5198989957,739
Glynnis,Fadiman,.@yopmail.com,3612117786,740
Mariele,Greenwald,.@yopmail.com,2640007578,741
Myriam,Bevin,.@yopmail.com,9518170509,742
Karlee,Milson,.@yopmail.com,812222441,743
Dennie,Halsey,.@yopmail.com,148896868,744
Dulcinea,Yam,.@yopmail.com,1966923103,745
Wilma,Pacorro,.@yopmail.com,6164916689,746
Brynna,Clywd,.@yopmail.com,3928921948,747
Sandie,Claudine,.@yopmail.com,7662221690,748
Glynnis,Kunin,.@yopmail.com,7288326165,749
Sissy,Sekofski,.@yopmail.com,9035705496,750
Deane,Cassius,.@yopmail.com,5880963090,751
Ottilie,Calhoun,.@yopmail.com,293891782,752
Joceline,Nelsen,.@yopmail.com,9113921537,753
Lusa,Ioab,.@yopmail.com,2831137444,754
Doro,Tound,.@yopmail.com,6519546081,755
Carilyn,Aloise,.@yopmail.com,7823483012,756
Sandie,Rebecka,.@yopmail.com,4498952583,757
Caritta,Cristi,.@yopmail.com,9490678780,758
Vevay,Haerr,.@yopmail.com,2291464953,759
Nikki,Cressida,.@yopmail.com,753027511,760
Ursulina,Sothena,.@yopmail.com,2184488535,761
Phylis,Jary,.@yopmail.com,391678150,762
Catharine,Alva,.@yopmail.com,6622747932,763
Roberta,Ivens,.@yopmail.com,2700940926,764
Lelah,Byrne,.@yopmail.com,2400162050,765
Brianna,Riordan,.@yopmail.com,972210394,766
Tabbatha,Eckblad,.@yopmail.com,9734674318,767
Jsandye,Melan,.@yopmail.com,6151351544,768
Christal,Faro,.@yopmail.com,8643997053,769
Paola,Fillbert,.@yopmail.com,4090592580,770
Ethel,Eugenia,.@yopmail.com,9606938843,771
Zondra,Stover,.@yopmail.com,9814662021,772
Philis,Jacqui,.@yopmail.com,6993569853,773
Jennica,Rona,.@yopmail.com,5932543368,774
Adore,Jacinda,.@yopmail.com,8721312112,775
Silvana,Lamoree,.@yopmail.com,5188182526,776
Eve,Mintz,.@yopmail.com,6906273033,777
Cam,Rodmann,.@yopmail.com,5968680964,778
Linzy,Gordon,.@yopmail.com,1650083961,779
Trudie,Pacorro,.@yopmail.com,2289251729,780
Melisent,Gordon,.@yopmail.com,1341413470,781
Lacie,Simmonds,.@yopmail.com,2298490162,782
Florie,Hanleigh,.@yopmail.com,1311511473,783
Anthia,Meli,.@yopmail.com,6944426891,784
Karena,Corilla,.@yopmail.com,5569239820,785
Claresta,Hermes,.@yopmail.com,5610809089,786
Flo,Wooster,.@yopmail.com,926207658,787
Chastity,Joeann,.@yopmail.com,2174713510,788
Wilma,Merna,.@yopmail.com,484511094,789
Tani,Kiersten,.@yopmail.com,2200201824,790
Stacey,Bakerman,.@yopmail.com,7278431441,791
Orsola,Jagir,.@yopmail.com,9351568406,792
Sandie,Belanger,.@yopmail.com,1379810919,793
Selia,Dowski,.@yopmail.com,9284911742,794
Lucille,Delp,.@yopmail.com,4403393569,795
Rivalee,Atonsah,.@yopmail.com,1634327309,796
Joleen,Moseley,.@yopmail.com,1285102381,797
Marcelline,Bow,.@yopmail.com,4131081101,798
Kirstin,Barney,.@yopmail.com,2093475738,799
Madalyn,Forrer,.@yopmail.com,1093533398,800
Bibby,Abram,.@yopmail.com,476569324,801
Babita,Douglass,.@yopmail.com,2894786819,802
Sidoney,Larochelle,.@yopmail.com,2749317043,803
Magdalena,Hortensia,.@yopmail.com,2801698785,804
Janis,Hubert,.@yopmail.com,9823335234,805
Jacenta,Melony,.@yopmail.com,8375101770,806
Frieda,Sparhawk,.@yopmail.com,6602641807,807
Millie,Johanna,.@yopmail.com,8953197942,808
Jean,Havens,.@yopmail.com,3507659367,809
Nita,Mallon,.@yopmail.com,7152710567,810
Keelia,Brian,.@yopmail.com,1332755500,811
Sara-Ann,Callista,.@yopmail.com,5023562683,812
Jillayne,Old,.@yopmail.com,6551232123,813
Angela,Holtz,.@yopmail.com,8932794145,814
Darci,Louanna,.@yopmail.com,2171396573,815
Alexine,Crudden,.@yopmail.com,9853723695,816
Eolanda,Margarete,.@yopmail.com,6097743488,817
Elka,Tannie,.@yopmail.com,6695835143,818
Ricky,Cornelia,.@yopmail.com,1188576163,819
Kary,Martguerita,.@yopmail.com,364128407,820
Codie,Stav,.@yopmail.com,5682115491,821
Lulita,Alfons,.@yopmail.com,3279699107,822
Kara-Lynn,Sallyann,.@yopmail.com,5064980147,823
Bill,Dahlia,.@yopmail.com,9304577662,824
Kittie,Klotz,.@yopmail.com,9476852877,825
Basia,Persse,.@yopmail.com,2814414596,826
Melina,Katrine,.@yopmail.com,227713950,827
Shannah,Lemuela,.@yopmail.com,5142767720,828
Deane,Viddah,.@yopmail.com,7611118781,829
Meriel,Terencio,.@yopmail.com,4587709276,830
Trixi,Jeanne,.@yopmail.com,9198303826,831
Roslyn,Wadell,.@yopmail.com,2167305060,832
Sidoney,Hanleigh,.@yopmail.com,5868951332,833
Cyndie,Ade,.@yopmail.com,3775419891,834
Noelle,Talia,.@yopmail.com,8283935907,835
Katharina,Melleta,.@yopmail.com,1109394246,836
Jessamyn,Ranjiv,.@yopmail.com,6423988914,837
Merry,Curren,.@yopmail.com,2989018142,838
Frank,Scammon,.@yopmail.com,859411410,839
Eugine,Wiener,.@yopmail.com,1305838791,840
Linet,Regan,.@yopmail.com,7278494716,841
Shirlee,Elsinore,.@yopmail.com,5872464920,842
Wendi,Papageno,.@yopmail.com,4065759359,843
Merci,Matthew,.@yopmail.com,7325309945,844
Tonia,Ciro,.@yopmail.com,4892956493,845
Karina,Seligman,.@yopmail.com,798636219,846
Sissy,Dawkins,.@yopmail.com,7767121126,847
Tilly,Syd,.@yopmail.com,8584923083,848
Janenna,McCutcheon,.@yopmail.com,9020652643,849
Rori,Sheng,.@yopmail.com,8470181986,850
Wanda,Hunfredo,.@yopmail.com,3930247891,851
Marika,Eliathas,.@yopmail.com,6172829391,852
Arlina,Anis,.@yopmail.com,8269830128,853
Arlena,Secrest,.@yopmail.com,74139949,854
Amalie,Syd,.@yopmail.com,3514188646,855
Dagmar,Hillel,.@yopmail.com,378675676,856
Hollie,Ferino,.@yopmail.com,4826908285,857
Orsola,Greenwald,.@yopmail.com,964252164,858
Krystle,Saree,.@yopmail.com,5987429841,859
Donetta,Roumell,.@yopmail.com,9279469891,860
Donnie,Jehu,.@yopmail.com,544218862,861
Kimmy,Carolin,.@yopmail.com,3461682494,862
Tina,Tengdin,.@yopmail.com,2261806156,863
Angela,Orelee,.@yopmail.com,2295037014,864
Margalo,Jacqui,.@yopmail.com,35675481,865
Zaria,Guthrie,.@yopmail.com,5386706728,866
Frieda,Pond,.@yopmail.com,7401228645,867
Hallie,Shanley,.@yopmail.com,1050841039,868
Elvira,Beebe,.@yopmail.com,2637179199,869
Flo,Arne,.@yopmail.com,9815041797,870
Gabriellia,Girardo,.@yopmail.com,1739833694,871
Jere,Drus,.@yopmail.com,597460564,872
Kirstin,Alisia,.@yopmail.com,7536610001,873
Delilah,Corabella,.@yopmail.com,2306641532,874
Lindie,Kalinda,.@yopmail.com,984245980,875
Frank,Winnick,.@yopmail.com,2542263793,876
Anestassia,Turne,.@yopmail.com,5901556760,877
Lusa,Dulciana,.@yopmail.com,7381537245,878
Shel,Jammal,.@yopmail.com,688755356,879
Elena,Delp,.@yopmail.com,5523186339,880
Hyacinthe,Niccolo,.@yopmail.com,2245171107,881
Clarice,Boehike,.@yopmail.com,2454608180,882
Lenna,Kaete,.@yopmail.com,5012693082,883
Belinda,Bach,.@yopmail.com,3463312771,884
Letizia,Maurine,.@yopmail.com,9855639334,885
Bettine,Elbertina,.@yopmail.com,1871964092,886
Celestyna,Rad,.@yopmail.com,2109153471,887
Winifred,Peti,.@yopmail.com,381087896,888
Raquela,Albertine,.@yopmail.com,4806214153,889
Shauna,Anestassia,.@yopmail.com,3830733016,890
Ivett,Diann,.@yopmail.com,9777618153,891
Meriel,Aloise,.@yopmail.com,6717942399,892
Vita,Gerge,.@yopmail.com,585220252,893
Kimmy,Yusuk,.@yopmail.com,538674715,894
Verla,Gombach,.@yopmail.com,5947741795,895
Susan,Germann,.@yopmail.com,3115996729,896
Deane,Vorster,.@yopmail.com,1271743337,897
Orsola,Merell,.@yopmail.com,9627029950,898
Viki,Thilda,.@yopmail.com,9149999522,899
Suzette,Gregrory,.@yopmail.com,6918599985,900
Netty,Daegal,.@yopmail.com,3697079549,901
Emmey,Jammal,.@yopmail.com,5719564206,902
Aimil,Dahlia,.@yopmail.com,8657886995,903
Correy,Maiah,.@yopmail.com,5216851849,904
Nollie,Schwejda,.@yopmail.com,11499620,905
Audrie,Weinreb,.@yopmail.com,600508674,906
Imojean,Kronfeld,.@yopmail.com,1712507421,907
Kirbee,Toor,.@yopmail.com,2903229746,908
Sandie,Sundin,.@yopmail.com,1796528619,909
Alleen,Gordon,.@yopmail.com,8750700040,910
Lindie,Tound,.@yopmail.com,1295690181,911
Inga,Weide,.@yopmail.com,8815476504,912
Corly,Ingra,.@yopmail.com,262810912,913
Luci,Behre,.@yopmail.com,1268449447,914
Barbi,Parsaye,.@yopmail.com,3647988957,915
Maryellen,Gemini,.@yopmail.com,1189726745,916
Lita,Hailee,.@yopmail.com,996367549,917
Fayre,Weaks,.@yopmail.com,3449469946,918
Amii,Marden,.@yopmail.com,7675732609,919
Shaine,Rosette,.@yopmail.com,1183707961,920
Magdalena,Parsaye,.@yopmail.com,7367125198,921
Dawn,Chauncey,.@yopmail.com,5793535016,922
Ebonee,Zrike,.@yopmail.com,1873525594,923
Ellette,Wooster,.@yopmail.com,5812362818,924
Magdalena,Gower,.@yopmail.com,500531677,925
Celestyna,Gunn,.@yopmail.com,4400501312,926
Goldie,Si,.@yopmail.com,6040833608,927
Briney,Karna,.@yopmail.com,1675973154,928
Calla,Francene,.@yopmail.com,6250615831,929
Magdalena,Aloise,.@yopmail.com,4588122053,930
Yetty,An,.@yopmail.com,5754237669,931
Hyacinthe,Kaete,.@yopmail.com,432876447,932
Merci,Wandie,.@yopmail.com,4951100821,933
Winny,Skurnik,.@yopmail.com,1065553940,934
Helena,Hylan,.@yopmail.com,92277457,935
Hildegaard,Wu,.@yopmail.com,7241944729,936
Jordan,Kamaria,.@yopmail.com,1392581628,937
Viki,Bonilla,.@yopmail.com,7541122832,938
Ellette,Albertine,.@yopmail.com,5868157854,939
Kerrin,Eliathas,.@yopmail.com,5031372926,940
Cristine,Pyle,.@yopmail.com,1133272552,941
Micheline,Hachmin,.@yopmail.com,9032755493,942
Alejandra,Boycey,.@yopmail.com,4759961113,943
Atlanta,Tatianas,.@yopmail.com,4401874177,944
Tressa,Madox,.@yopmail.com,7864483575,945
Johna,Karylin,.@yopmail.com,3407019507,946
Kassey,Korey,.@yopmail.com,4237104835,947
Berta,Lynn,.@yopmail.com,5853001158,948
Carly,Hanleigh,.@yopmail.com,975708914,949
Nicoli,Federica,.@yopmail.com,4654734130,950
Orelia,Burnside,.@yopmail.com,2572683247,951
Edyth,Matthew,.@yopmail.com,263858366,952
Aili,Baptlsta,.@yopmail.com,1613700424,953
Augustine,Colbert,.@yopmail.com,2938241411,954
Cristine,Dimitris,.@yopmail.com,3708838567,955
Rosene,Genna,.@yopmail.com,488573562,956
Thalia,Hedve,.@yopmail.com,8216112261,957
Darlleen,Xerxes,.@yopmail.com,2508436300,958
Tera,Peti,.@yopmail.com,2720945276,959
Karena,Yusuk,.@yopmail.com,3302311744,960
Betta,Morehouse,.@yopmail.com,6157933942,961
Odessa,Yerkovich,.@yopmail.com,2233737596,962
Vivia,Berne,.@yopmail.com,4847326962,963
Norine,Pandolfi,.@yopmail.com,7637701578,964
Flo,Cressida,.@yopmail.com,9754962001,965
Marleah,Stevy,.@yopmail.com,2646294016,966
Hollie,Amasa,.@yopmail.com,5339331243,967
Fanny,Colp,.@yopmail.com,531181609,968
Mahalia,Adore,.@yopmail.com,5704544599,969
Cherilyn,Raul,.@yopmail.com,5105697658,970
Lita,Baylor,.@yopmail.com,550520265,971
Ricky,Byrne,.@yopmail.com,3984376676,972
Agathe,Gladstone,.@yopmail.com,2338909072,973
Karolina,Trinetta,.@yopmail.com,5133843238,974
Ericka,Egbert,.@yopmail.com,6115328527,975
Sindee,Mata,.@yopmail.com,8631784506,976
Kaia,Korey,.@yopmail.com,8802412429,977
Evita,Gerge,.@yopmail.com,7047165208,978
Karolina,Persse,.@yopmail.com,3567845457,979
Raf,Ludewig,.@yopmail.com,3010325546,980
Alejandra,Wittie,.@yopmail.com,9539071251,981
Binny,Modie,.@yopmail.com,9804779603,982
Talya,Weinreb,.@yopmail.com,7720602683,983
Roberta,Dex,.@yopmail.com,4142694893,984
Phedra,Willie,.@yopmail.com,9555100210,985
Nickie,Ajay,.@yopmail.com,86600370,986
Nikki,Ilka,.@yopmail.com,5969051196,987
Gwyneth,Lilybelle,.@yopmail.com,5392342203,988
Meghann,Silvan,.@yopmail.com,4502627311,989
Shaylyn,Luhe,.@yopmail.com,4866323721,990
Flo,LaRue,.@yopmail.com,9475331921,991
Josephine,Wiener,.@yopmail.com,6074063766,992
Trixi,Peonir,.@yopmail.com,604265607,993
Eadie,McClimans,.@yopmail.com,5988265566,994
Hildegaard,Swigart,.@yopmail.com,2296022643,995
Teddie,Anestassia,.@yopmail.com,9138751238,996
Myrtice,O'Carroll,.@yopmail.com,2524458871,997
Stephanie,Prober,.@yopmail.com,3178262305,998
Babita,Niles,.@yopmail.com,8515442756,999
Chrystel,Daveta,.@yopmail.com,7893729833,1000