OT ID,roll number,firstname,lastname,email,phone number,Event Number,OC_ID,N_sponosors_contacted
1,2018469,Helena,Telfer,Helena.Telfer@random.com,9821284359,29,11,4
2,2018322,Myriam,Granoff,Myriam.Granoff@random.com,9821284856,6,3,25
3,2018292,Stephanie,Moina,Stephanie.Moina@random.com,9821285034,15,6,26
4,2018172,Anestassia,Verger,Anestassia.Verger@random.com,9821284268,21,8,23
5,2020013,Rivalee,Japeth,Rivalee.Japeth@random.com,9821284409,5,2,20
6,2018142,Arabel,Rosette,Arabel.Rosette@random.com,9821284228,18,7,10
7,2018343,Concettina,Dawkins,Concettina.Dawkins@random.com,9821284987,7,3,7
8,2018316,Jinny,Sherfield,Jinny.Sherfield@random.com,9821284842,3,1,40
9,2018457,Shauna,Thilda,Shauna.Thilda@random.com,9821285073,23,9,38
10,2019115,Beatriz,Harned,Beatriz.Harned@random.com,9821284695,1,1,31
11,2018262,Tersina,Trace,Tersina.Trace@random.com,9821284797,25,10,9
12,2020053,Deloria,Joni,Deloria.Joni@random.com,9821284335,7,3,2
13,2019108,Peri,Toor,Peri.Toor@random.com,9821284895,1,1,39
14,2019143,Theodora,Bibi,Theodora.Bibi@random.com,9821284431,6,3,8
15,2019101,Tarra,Burkle,Tarra.Burkle@random.com,9821284978,2,1,37
16,2018244,Fanny,O'Neill,Fanny.O'Neill@random.com,9821285061,22,8,29
17,2018439,Malina,Seligman,Malina.Seligman@random.com,9821284380,23,9,25
18,2019059,Modestia,Fancie,Modestia.Fancie@random.com,9821284384,5,2,9
19,2018178,Jere,Jotham,Jere.Jotham@random.com,9821284258,21,8,10
20,2018403,Cathie,Caitlin,Cathie.Caitlin@random.com,9821284353,17,6,8
21,2018190,Mady,Adlare,Mady.Adlare@random.com,9821284956,8,3,20
22,2018283,Sherrie,Merriott,Sherrie.Merriott@random.com,9821285069,22,8,23
23,2018460,Tera,Gale,Tera.Gale@random.com,9821284988,11,4,34
24,2018265,Melina,Justinn,Melina.Justinn@random.com,9821284397,2,1,25
25,2018253,Ariela,Lea,Ariela.Lea@random.com,9821285070,27,10,10
26,2018223,Tarra,Faria,Tarra.Faria@random.com,9821285155,30,11,3
27,2020049,Nessie,Daegal,Nessie.Daegal@random.com,9821284259,30,11,34
28,2018472,Atlanta,Hessler,Atlanta.Hessler@random.com,9821284524,1,1,12
29,2019045,Verla,Gale,Verla.Gale@random.com,9821284846,14,5,39
30,2018319,Halette,Maples,Halette.Maples@random.com,9821284459,26,10,9
31,2018217,Marjie,Newell,Marjie.Newell@random.com,9821285033,12,4,23
32,2018379,Tressa,Gahl,Tressa.Gahl@random.com,9821285146,6,3,36
33,2019003,Candy,Jacqui,Candy.Jacqui@random.com,9821284319,8,3,4
34,2018400,Nollie,Lemuela,Nollie.Lemuela@random.com,9821284565,3,1,29
35,2018349,Katuscha,Darrell,Katuscha.Darrell@random.com,9821285157,4,2,27
36,2020057,Hayley,Henrie,Hayley.Henrie@random.com,9821285092,5,2,8
37,2018421,Mara,Guthrie,Mara.Guthrie@random.com,9821284570,4,2,3
38,2018211,Tiffie,Dyche,Tiffie.Dyche@random.com,9821284911,13,5,7
39,2018466,Meriel,Fancie,Meriel.Fancie@random.com,9821284884,28,10,25
40,2019185,Lexine,Turne,Lexine.Turne@random.com,9821285151,15,6,1
41,2018268,Sashenka,Magnolia,Sashenka.Magnolia@random.com,9821285008,18,7,38
42,2018337,Max,McNully,Max.McNully@random.com,9821284419,29,11,33
43,2018184,Modestia,Huggins,Modestia.Huggins@random.com,9821284726,13,5,21
44,2018313,Elmira,Lytton,Elmira.Lytton@random.com,9821284306,9,3,38
45,2018160,Jeanna,Lindemann,Jeanna.Lindemann@random.com,9821285009,19,7,27
46,2018196,Devina,Merriott,Devina.Merriott@random.com,9821284246,9,3,24
47,2018367,Janey,Bari,Janey.Bari@random.com,9821284877,7,3,6
48,2018121,Gusty,Kiersten,Gusty.Kiersten@random.com,9821285078,10,3,28
49,2018352,Flo,Merriott,Flo.Merriott@random.com,9821285134,10,3,25
50,2020033,Kirbee,Greenwald,Kirbee.Greenwald@random.com,9821284206,17,6,36
51,2018310,Nessie,Kare,Nessie.Kare@random.com,9821284775,20,7,9
52,2019080,Valeda,Minetta,Valeda.Minetta@random.com,9821284845,23,9,22
53,2019192,Nataline,Dom,Nataline.Dom@random.com,9821284572,27,10,33
54,2018481,Winifred,Whiffen,Winifred.Whiffen@random.com,9821284908,3,1,8
55,2018484,Edyth,Othilia,Edyth.Othilia@random.com,9821284208,14,5,10
56,2018346,Donnie,Roxanna,Donnie.Roxanna@random.com,9821285052,16,6,15
57,2018406,Renae,Lasley,Renae.Lasley@random.com,9821284747,26,10,17
58,2018115,Meg,Durante,Meg.Durante@random.com,9821284336,16,6,12
59,2019017,Jennica,Creamer,Jennica.Creamer@random.com,9821284607,28,10,20
60,2019073,Drucie,Vacuva,Drucie.Vacuva@random.com,9821284385,19,7,9
61,2018214,Violet,Magdalen,Violet.Magdalen@random.com,9821284861,8,3,19
62,2018259,Mariann,Turne,Mariann.Turne@random.com,9821284824,20,7,25
63,2018277,Lynde,Dielu,Lynde.Dielu@random.com,9821284303,11,4,9
64,2019122,Minne,Edvard,Minne.Edvard@random.com,9821284465,24,9,13
65,2018376,Eolanda,Hilbert,Eolanda.Hilbert@random.com,9821284849,24,9,10
66,2018397,Abbie,Stilwell,Abbie.Stilwell@random.com,9821284533,9,3,2
67,2019094,Briney,Blake,Briney.Blake@random.com,9821284448,25,10,0
68,2020025,Ariela,Drisko,Ariela.Drisko@random.com,9821284330,2,1,20
69,2019087,Cathyleen,Marden,Cathyleen.Marden@random.com,9821284901,15,6,5
70,2019010,Britni,Phyllis,Britni.Phyllis@random.com,9821284867,12,4,25